,bitcode_3qubits2rounds,bitcode_3qubits3rounds,bitcode_5qubits2rounds,bitcode_5qubits3rounds,ghz_11qubits,ghz_3qubits,ghz_5qubits,ghz_7qubits,hamsim_11qubits1steps,hamsim_11qubits3steps,hamsim_4qubits1steps,hamsim_4qubits3steps,hamsim_7qubits1steps,hamsim_7qubits3steps,merminbell_3qubits,merminbell_4qubits,phasecode_3qubits2rounds,phasecode_3qubits3rounds,phasecode_5qubits2rounds,phasecode_5qubits3rounds,qaoafswap_11qubits,qaoafswap_4qubits,qaoafswap_5qubits,qaoafswap_7qubits,qaoavanilla_11qubits,qaoavanilla_4qubits,qaoavanilla_5qubits,qaoavanilla_7qubits,vqe_4qubits1layers,vqe_4qubits2layers,vqe_7qubits1layers,vqe_7qubits2layers
aqt,,,,,,"(0.9576632362527371, 0.0026842954092707655)",,,,,"(0.9491742670965625, 0.00632308354081725)","(0.9618740722686661, 0.005181236946357437)",,,"(0.8713256368307761, 0.0011850044622492126)","(0.7082182558286628, 0.008580096816699303)",,,,,,"(0.8877554612957941, 0.008990582530790003)",,,,"(0.8061481373417646, 0.002637301511248924)",,,"(0.9706370086809839, 0.004387815938590167)","(0.9579885614716029, 0.0010151576022653496)",,
casablanca,"(0.5962058823529411, 0.0801671156771039)","(0.44690625000000006, 0.06600478646232781)",,,,"(0.914218149692534, 0.022437777870825074)","(0.8682774339449699, 0.007222112304428)","(0.6505565534466164, 0.05675070628687076)",,,"(0.9508493871845035, 0.010674440165156503)","(0.9346600030181302, 0.01809626820202185)","(0.8715497840099005, 0.039009928254145135)","(0.8001811393868803, 0.013201679004817276)","(0.8430333333333334, 0.06568877800321418)","(0.542875, 0.07824171281995303)","(0.3959211132549166, 0.19167569484768382)","(0.30800489789701696, 0.09916718845569175)",,,,"(0.8464040966428719, 0.016472363980160463)","(0.7873978849834098, 0.038197044409940914)","(0.5077335410643957, 0.010222804509058672)",,"(0.7178674264683114, 0.05350095084405074)","(0.8062454121687829, 0.2789777819569104)","(0.5131058514823136, 0.020711234379394778)","(0.9724581470489576, 0.022005431879464445)","(0.9353368039859352, 0.014534499302993652)","(0.8333119257573468, 0.05655111146504071)","(0.7006570981614415, 0.05406750878481393)"
guadalupe,"(0.4936470588235294, 0.05366310067171315)","(0.3096875, 0.08148751342230288)","(0.2313666666666653, 0.04346395697075406)","(0.09349999999999875, 0.036349690507623246)","(0.5739218413117584, 0.025320141816733675)","(0.9075534621597087, 0.022167139277638876)","(0.8226414450551175, 0.031563553705805804)","(0.7570884706432026, 0.024238140348458413)","(0.9010476195077357, 0.03995637415390666)","(0.8879489630808194, 0.03444730282283631)","(0.9680993871845036, 0.00871078071227167)","(0.9231322252403528, 0.011454182749944926)","(0.9222164506765671, 0.028415482704758355)","(0.9140779647837056, 0.0303494387983394)","(0.8531166666666667, 0.03102604640548899)","(0.6920625, 0.04780277678911551)","(0.6082642478841114, 0.08165903295649947)","(0.4010367650850694, 0.1055115713805845)","(0.13939856256754013, 0.0810069216348112)","(0.07513385577834765, 0.031661971859163564)","(0.5248368997129217, 0.013609801333225363)","(0.8106902573854642, 0.03900464904833419)","(0.7773792897699587, 0.02837861768674371)","(0.6594988419647213, 0.02569479285035658)","(0.510634831600326, 0.028032754093814463)","(0.8218867088378659, 0.05038663405105714)","(0.7711477724552136, 0.2718583122979525)","(0.4894887353752461, 0.013741010455812698)","(0.9529243251538186, 0.026026650345677582)","(0.917061445280697, 0.0260980498017127)","(0.8695916758814618, 0.04728033779872351)","(0.8460776746846549, 0.032531653197191666)"
ionq,"(0.9714285714285714, 0.026452002850644335)","(0.8653061224489796, 0.052270401938227316)","(0.9469387755102041, 0.023799803652429806)","(0.7755102040816327, 0.06556072818044491)","(0.7813285621901297, 0.08930468668597091)","(0.9749583776938645, 0.02229632370078959)","(0.9320445865841209, 0.03095891194229822)","(0.8805190391246518, 0.04262619205755171)","(0.9349025978627142, 0.024796122971440765)","(0.8157671448990012, 0.029533272855332846)","(0.9718354179243716, 0.01471830793346687)","(0.9210528601609875, 0.03306772485079309)","(0.9550633894520774, 0.011773927424713969)","(0.8355688944889211, 0.03596803638802421)","(0.9259740259740259, 0.03795230960052586)","(0.7948051948051948, 0.06338407450344119)","(0.9578709386975598, 0.014829778528362828)","(0.8504198757582838, 0.05472611739951921)","(0.6349076815673381, 0.025977420694100268)","(0.4489175912792382, 0.06152591603564347)","(0.560055090407419, 0.039663854162011035)","(0.8901107683179862, 0.05676576360333369)","(0.8086819543673214, 0.06667348653222133)","(0.6296067548095549, 0.05520690414988698)","(0.5950567735938085, 0.05003613035678311)","(0.8593699982371447, 0.06295868404669129)","(0.9597508746885749, 0.15630559907224087)","(0.5802637578350763, 0.06501192931590899)","(0.9695560685046251, 0.01838358973760776)","(0.9247199424268959, 0.037809178598214956)","(0.9538513764919873, 0.02723414674623415)","(0.8885590449784179, 0.055797041906219425)"
lagos,"(0.74365625, 0.09064020885312156)","(0.68484375, 0.08669211302614269)",,,,"(0.9535771793715914, 0.013115824535015969)","(0.8843036108174516, 0.04421940433564579)","(0.502171482588716, 0.2329037593199331)",,,"(0.98031958509412, 0.02003292817787995)","(0.9396877183968174, 0.03142840910554469)","(0.8489624824225988, 0.0445855667668404)","(0.7775620917678326, 0.0363115681617211)","(0.7233928571428571, 0.12261633376562214)","(0.4774583333333333, 0.06130990551198792)","(0.6922952114674655, 0.10932019236963512)","(0.5493079132796839, 0.11228143850008311)",,,,"(0.8612563214043567, 0.017699449431351183)","(0.7223240799108502, 0.12149233565019384)","(0.49781369601430037, 0.01177247622010131)",,"(0.5978430598796152, 0.09030051495682186)","(0.7264202845221973, 0.38641012953711806)","(0.506785829680221, 0.030475422860292194)","(0.9300818032914069, 0.02543219857066733)","(0.8744390819771909, 0.07764371161036168)","(0.7543444272157341, 0.05716434600875176)","(0.6188056089150082, 0.04471683849888495)"
montreal,"(0.4940882352941176, 0.1469298787631583)","(0.3724062500000001, 0.09515500820207783)","(0.22029999999999875, 0.11052372294368876)","(0.08139999999999888, 0.03977821849538571)","(0.5325890251128558, 0.10723112198006683)","(0.9032474681265951, 0.039255752691019705)","(0.8135174499800302, 0.016801783203255403)","(0.7316789139711785, 0.036690157672840576)","(0.9249011548612711, 0.020765691843986675)","(0.9015196701515262, 0.017782276749370034)","(0.9661966094067258, 0.012128650653171043)","(0.9272433363514637, 0.018804098909611947)","(0.9474545459146623, 0.015546851306226546)","(0.9303795520852929, 0.024787900985629434)","(0.6497321428571429, 0.14887139297194799)","(0.5413958333333333, 0.04766303799562321)","(0.3846810108642019, 0.12551055297066419)","(0.3675602487459537, 0.08235596776446881)","(0.12619638574619071, 0.07240864646067133)","(0.06755482761560827, 0.017200790226962356)","(0.5823709775824776, 0.042335922325290355)","(0.8050059822212042, 0.10817647782150557)","(0.7934894443453684, 0.03509892737510857)","(0.668532534906765, 0.07202629568801257)","(0.5384400570655601, 0.08626630600975055)","(0.6394158259089, 0.1446388774824977)","(0.8548705694825938, 0.30457525901823523)","(0.5111402757545808, 0.008099679978845436)","(0.9269906530193893, 0.03281242890352687)","(0.8905625014046936, 0.03589040189461957)","(0.8953438519677495, 0.02161417249415594)","(0.8121498741506868, 0.051781097360502584)"
mumbai,"(0.5865000000000001, 0.008000000000000007)","(0.5137499999999999, 0.018249999999999933)","(0.38099999999999895, 0.06550000000000039)","(0.24899999999999844, 0.01449999999999986)","(0.49672042824799817, 0.016830280898109118)","(0.861773849228504, 0.0178444156666228)","(0.7707655648330698, 0.03128752715356233)","(0.647561971262379, 0.029902249139236167)","(0.9321738821339984, 0.02809090909090911)","(0.9199514883333445, 0.0022499999999999742)","(0.9823216094067257, 0.011124999999999996)","(0.9509377807959081, 0.005625000000000047)","(0.9578751808352972, 0.004071428571428559)","(0.9374827266884675, 0.0)","(0.883625, 0.0016249999999999876)","(0.513375, 0.007624999999999993)","(0.6174782611048991, 0.04062425071467768)","(0.4251932243078259, 0.08086656980030149)","(0.15822132250858817, 0.030703789541585966)","(0.08898213340006711, 0.007361717783788545)","(0.5362355998391625, 0.05642105858381296)","(0.7411890885046667, 0.11116899082189971)","(0.7347337751895949, 0.029772199163219704)","(0.6883464768845595, 0.03954497685398127)","(0.5392972322762831, 0.07187428878545563)","(0.7267004275896962, 0.03858289928467255)","(0.8611842127070032, 0.3174250459372034)","(0.5109966427560854, 0.04952592048417084)","(0.9241975267570527, 0.012185140742014147)","(0.9108912345418368, 0.012151190724201037)","(0.8915944971447747, 0.012301118574633526)","(0.8449757155355613, 0.002563820363620364)"
santiago,"(0.6378333333333333, 0.023372288909922607)","(0.5096249999999999, 0.05560430326572452)",,,,"(0.9448187399104886, 0.009126595551709022)","(0.8678927955481633, 0.013505270319996364)",,,,"(0.9824882760733926, 0.009329798437741788)","(0.9650002807959082, 0.006100183569642245)",,,"(0.8838333333333332, 0.01705790790871562)","(0.7581666666666667, 0.03760910055351557)","(0.3237814203357132, 0.1223927874195311)","(0.3192915554418219, 0.015513730025261825)",,,,"(0.8967478964222322, 0.016510295435385042)","(0.8536142554380003, 0.011251208972194981)",,,"(0.9047067421428466, 0.04778471326430594)","(0.8886439285337744, 0.2491297169158093)",,"(0.9562505788873928, 0.020969232883058124)","(0.9377147269727769, 0.01579165258171602)",,
toronto,"(0.40389285714285716, 0.10288346017485517)","(0.2432307692307693, 0.11592846192382471)","(0.1856666666666653, 0.06308371862497929)","(0.0641666666666655, 0.029051917129320103)","(0.4510593195103043, 0.07022442720167074)","(0.878717509140875, 0.05700316536102723)","(0.7585304780194413, 0.025793752941035298)","(0.6979945512855433, 0.06525532647733272)","(0.9114062053663218, 0.036552203284376146)","(0.889625730757587, 0.029699342824165822)","(0.947682720517837, 0.011965436979014412)","(0.9273683363514638, 0.019840782136863185)","(0.9409704189305353, 0.016579431565057)","(0.9003557425614834, 0.03498706884182504)","(0.8767499999999998, 0.02520515820224108)","(0.60253125, 0.04451991083703447)","(0.34824845086338346, 0.1161063375001196)","(0.28032897485484115, 0.0578111757357538)","(0.09037395855063417, 0.029347285712096334)","(0.06285550976303449, 0.010940601038120954)","(0.5912709403577606, 0.02370836279090934)","(0.8371003993247853, 0.06278920723961258)","(0.7348087688943398, 0.02927704069800268)","(0.6806008252583936, 0.05524069987487511)","(0.5034468036143903, 0.0062837624852517555)","(0.7446808477233465, 0.07744697507504476)","(0.8294519754053862, 0.28479774887895765)","(0.522905113937602, 0.019685610261310677)","(0.9153309374511898, 0.027548452180163174)","(0.8727016806995694, 0.032569687718083294)","(0.8882858036871395, 0.019526293964824436)","(0.8353085030279037, 0.02048724961282563)"
