backend,label,score_mean,score_std,n_runs
fez,bitcode_3data_2rounds,0.6217499999999995,0.21884954877723717,2
fez,bitcode_3data_3rounds,0.5447499999999984,0.24147696577520764,2
fez,bitcode_3data_4rounds,0.4539999999999972,0.24183051916580292,2
fez,bitcode_3data_5rounds,0.40524999999999606,0.2740038777097919,2
fez,bitcode_3data_7rounds,0.29199999999999326,0.25243712088360204,2
fez,bitcode_3data_9rounds,0.2574999999999909,0.23546655813512457,2
fez,bitcode_4data_2rounds,0.5042499999999981,0.21460690809011956,2
fez,bitcode_4data_3rounds,0.3914999999999962,0.2121320343559688,2
fez,bitcode_4data_4rounds,0.31924999999999354,0.23228457761978644,2
fez,bitcode_4data_5rounds,0.3339999999999911,0.13222896808188794,2
fez,bitcode_4data_7rounds,0.21274999999998623,0.09864139597552493,2
fez,bitcode_4data_9rounds,0.1427499999999848,0.06894291116568696,2
fez,bitcode_5data_2rounds,0.46074999999999666,0.16793786053180898,2
fez,bitcode_5data_3rounds,0.36149999999999344,0.1647558800164713,2
fez,bitcode_5data_4rounds,0.2747499999999893,0.16298811306350258,2
fez,bitcode_5data_5rounds,0.21649999999998704,0.1357645019878189,2
fez,bitcode_5data_7rounds,0.12374999999998634,0.10712667734975906,2
fez,bitcode_5data_9rounds,0.09049999999998659,0.08414570696119492,2
fez,bitcode_7data_2rounds,0.38274999999999215,0.006717514421272188,2
fez,bitcode_7data_3rounds,0.25724999999998543,0.02793071785686938,2
fez,bitcode_7data_4rounds,0.1757499999999842,0.015202795795510786,2
fez,bitcode_7data_5rounds,0.1332499999999838,0.003889087296525858,2
fez,bitcode_7data_7rounds,0.07224999999998616,0.01166726188957698,2
fez,bitcode_7data_9rounds,0.038499999999988696,0.007778174593051169,2
fez,bitcode_9data_2rounds,0.24774999999998498,0.026516504294495803,2
fez,bitcode_9data_3rounds,0.16024999999998424,0.034294678887546774,2
fez,bitcode_9data_4rounds,0.09549999999998506,0.03959797974644475,2
fez,bitcode_9data_5rounds,0.0667499999999866,0.029344931419239603,2
fez,bitcode_9data_7rounds,0.03499999999998925,0.014142135623729183,2
fez,bitcode_9data_9rounds,0.01124999999999325,0.0038890872965250925,2
fez,fswap_11qubits,0.4246079968957608,0.02642716629335502,2
fez,fswap_12qubits,0.4979876436696601,0.035987848979604914,2
fez,fswap_13qubits,0.479258418419523,0.044277902951721536,2
fez,fswap_16qubits,0.4946354841825132,0.025059275609415566,2
fez,fswap_4qubits,0.49112323911991995,0.05358259027878472,2
fez,fswap_5qubits,0.49770875599278147,0.21313437267173962,2
fez,fswap_7qubits,0.6757644123663994,0.20482166010607322,2
fez,ghz_100qubits_ladder,0.0024999999999971503,0.0031819805153369893,2
fez,ghz_100qubits_logdepth,1.199857436841159e-27,0.0,2
fez,ghz_100qubits_star,1.199857436841159e-27,0.0,2
fez,ghz_11qubits_ladder,0.7444021697644475,0.00608430177408789,2
fez,ghz_11qubits_logdepth,0.760078027598079,4.6143251435178364e-05,2
fez,ghz_11qubits_star,0.631084552040986,0.04803803587950215,2
fez,ghz_125qubits_ladder,0.00087499999999855,0.0012374368670744075,2
fez,ghz_125qubits_logdepth,1.199857436841159e-27,0.0,2
fez,ghz_125qubits_star,1.199857436841159e-27,0.0,2
fez,ghz_15qubits_ladder,0.5907302963884328,0.00920164478122969,2
fez,ghz_15qubits_logdepth,0.5315636622939455,0.01613787029136838,2
fez,ghz_15qubits_star,0.5091835569841621,0.10088970043588838,2
fez,ghz_20qubits_ladder,0.4733034612154934,0.002356906822435288,2
fez,ghz_20qubits_logdepth,0.42081383626772,0.017615367670817717,2
fez,ghz_20qubits_star,0.1903774580110412,0.10623089959194477,2
fez,ghz_25qubits_ladder,0.36633872194078426,0.02285525545735796,2
fez,ghz_25qubits_logdepth,0.33278816033327313,0.03533953696807462,2
fez,ghz_25qubits_star,0.10693621198871345,0.03668947737213968,2
fez,ghz_30qubits_ladder,0.33002769040430524,0.026439460408434156,2
fez,ghz_30qubits_logdepth,0.23174022686043927,0.0019228680054640044,2
fez,ghz_30qubits_star,0.00662499999999545,0.007954951288345335,2
fez,ghz_3qubits_ladder,0.9506067322873539,0.010066269519851593,2
fez,ghz_3qubits_logdepth,0.9488099877607499,0.019905780878599354,2
fez,ghz_3qubits_star,0.9531859088309241,0.027890169465285997,2
fez,ghz_40qubits_ladder,0.16759694559481186,0.029276681914241414,2
fez,ghz_40qubits_logdepth,0.11852008036169405,0.004411475229482063,2
fez,ghz_40qubits_star,0.0039999999999959,0.002828427124744776,2
fez,ghz_4qubits_ladder,0.9449927273464964,0.014678098760514877,2
fez,ghz_4qubits_logdepth,0.9355256297999646,0.01669163627714053,2
fez,ghz_4qubits_star,0.9508024496945826,0.017633155565895637,2
fez,ghz_50qubits_ladder,0.10835290698604375,0.001502351413631381,2
fez,ghz_50qubits_logdepth,0.013515625304548352,0.006811044229684127,2
fez,ghz_50qubits_star,1.199857436841159e-27,0.0,2
fez,ghz_5qubits_ladder,0.9144403148986915,0.029673071637105485,2
fez,ghz_5qubits_logdepth,0.913880389591148,0.011430585807140256,2
fez,ghz_5qubits_star,0.8902037822287294,0.026714994841653128,2
fez,ghz_75qubits_ladder,0.00687499999999535,0.00830850467893847,2
fez,ghz_75qubits_logdepth,0.00012499999999945,0.00017677669529585904,2
fez,ghz_75qubits_star,1.199857436841159e-27,0.0,2
fez,ghz_7qubits_ladder,0.8838478500757703,0.02452701760524096,2
fez,ghz_7qubits_logdepth,0.8890528580499817,0.012102904278211495,2
fez,ghz_7qubits_star,0.8473402135098156,0.05947178407476148,2
fez,hamsim_11qubits_1ts_1tt,0.9713329730430883,0.002217743995539996,2
fez,hamsim_11qubits_3ts_3tt,0.9859309458946489,0.000932095302473459,2
fez,hamsim_11qubits_4ts_4tt,0.9898827440927991,0.0007071067811865089,2
fez,hamsim_11qubits_5ts_5tt,0.987988672315907,0.004756900164346115,2
fez,hamsim_11qubits_7ts_7tt,0.979507075870437,0.00041783582524616126,2
fez,hamsim_12qubits_1ts_1tt,0.9750716094067264,0.00035355339059319553,2
fez,hamsim_12qubits_3ts_3tt,0.9773059458946494,0.005833630944789356,2
fez,hamsim_12qubits_4ts_4tt,0.9910853956079502,0.0007365695637361021,2
fez,hamsim_12qubits_5ts_5tt,0.9892386723158704,0.001296362432174998,2
fez,hamsim_12qubits_7ts_7tt,0.981974878900739,0.0005597928684394063,2
fez,hamsim_13qubits_1ts_1tt,0.9708696863298074,0.0024476773194915414,2
fez,hamsim_13qubits_3ts_3tt,0.9758155612792219,0.00356273032059349,2
fez,hamsim_13qubits_4ts_4tt,0.9906991776592318,0.0004623390492373705,2
fez,hamsim_13qubits_5ts_5tt,0.9917579030851834,0.0006527139518647354,2
fez,hamsim_13qubits_7ts_7tt,0.9835437891571526,0.0028284271247458787,2
fez,hamsim_16qubits_1ts_1tt,0.9650403594067352,0.0058336309447890415,2
fez,hamsim_16qubits_3ts_3tt,0.9719309458946193,0.0019445436482629877,2
fez,hamsim_16qubits_4ts_4tt,0.9901114372746156,2.2097086912028114e-05,2
fez,hamsim_16qubits_5ts_5tt,0.9874261723164144,0.0001325825214724827,2
fez,hamsim_16qubits_7ts_7tt,0.9775894622340648,0.0008838834764832048,2
fez,hamsim_20qubits_1ts_1tt,0.9634341094066656,0.0003358757210636123,2
fez,hamsim_20qubits_3ts_3tt,0.9669559458943293,0.000494974746830254,2
fez,hamsim_20qubits_4ts_4tt,0.9901895622746143,0.0002474873734151859,2
fez,hamsim_20qubits_5ts_5tt,0.9824136723110068,0.0005656854249492149,2
fez,hamsim_20qubits_7ts_7tt,0.9697207122336682,0.0006363961030675479,2
fez,hamsim_4qubits_1ts_1tt,0.9919466094067257,0.002121320343559605,2
fez,hamsim_4qubits_3ts_3tt,0.9922434458946396,0.005038135815954067,2
fez,hamsim_4qubits_4ts_4tt,0.9916895622746191,0.001590990257669753,2
fez,hamsim_4qubits_5ts_5tt,0.9931875,0.003607902489079078,2
fez,hamsim_4qubits_7ts_7tt,0.9818082122340728,0.004507805730064254,2
fez,hamsim_7qubits_1ts_1tt,0.9790537522638688,0.0008586296628693069,2
fez,hamsim_7qubits_3ts_3tt,0.9768952316089271,0.005454823740581987,2
fez,hamsim_7qubits_4ts_4tt,0.9907788479889038,0.0015152288168283736,2
fez,hamsim_7qubits_5ts_5tt,0.9947386723158864,0.0015657364440558943,2
fez,hamsim_7qubits_7ts_7tt,0.9879421408055009,0.0045961940777126805,2
fez,mb_11qubits,0.518,0.008838834764831813,2
fez,mb_15qubits,0.502875,0.0037123106012293583,2
fez,mb_20qubits,0.5,0.0,2
fez,mb_3qubits,0.9305,0.008485281374238578,2
fez,mb_4qubits,0.921875,0.0022980970388562618,2
fez,mb_5qubits,0.86725,0.033941125496954154,2
fez,mb_7qubits,0.7305,0.05586143571373723,2
fez,phasecode_3data_2rounds,0.6777499999999999,0.14248201640908936,2
fez,phasecode_3data_3rounds,0.5994999999999994,0.15344217151748135,2
fez,phasecode_3data_4rounds,0.5332499999999973,0.19268659787333728,2
fez,phasecode_3data_5rounds,0.4327499999999968,0.16935207409418154,2
fez,phasecode_3data_7rounds,0.321499999999992,0.16617009357884274,2
fez,phasecode_3data_9rounds,0.27874999999999,0.21107137418418925,2
fez,phasecode_4data_2rounds,0.5574999999999981,0.15697770542341574,2
fez,phasecode_4data_3rounds,0.527249999999999,0.0017677669529666453,2
fez,phasecode_4data_4rounds,0.4609999999999964,0.021920310216784093,2
fez,phasecode_4data_5rounds,0.37949999999999184,0.018384776310851274,2
fez,phasecode_4data_7rounds,0.31749999999998885,0.0898025612106946,2
fez,phasecode_4data_9rounds,0.23674999999998475,0.07530687219636821,2
fez,phasecode_5data_2rounds,0.5109999999999979,0.09050966799188008,2
fez,phasecode_5data_3rounds,0.3797499999999931,0.08167083322704934,2
fez,phasecode_5data_4rounds,0.3049999999999894,0.09970205614730566,2
fez,phasecode_5data_5rounds,0.23099999999998605,0.09333809511662633,2
fez,phasecode_5data_7rounds,0.1874999999999839,0.016970562748476997,2
fez,phasecode_5data_9rounds,0.10574999999998469,0.0229809703885618,2
fez,phasecode_7data_2rounds,0.34774999999999107,0.05692209588551842,2
fez,phasecode_7data_3rounds,0.2567499999999855,0.04914392129246577,2
fez,phasecode_7data_4rounds,0.17974999999998395,0.020152543263816387,2
fez,phasecode_7data_5rounds,0.131999999999984,0.019798989873222903,2
fez,phasecode_7data_7rounds,0.07924999999998569,0.01590990257669661,2
fez,phasecode_7data_9rounds,0.0349999999999892,0.016263455967288613,2
fez,phasecode_9data_2rounds,0.2412499999999862,0.054093668760773296,2
fez,phasecode_9data_3rounds,0.1604999999999846,0.0494974746830579,2
fez,phasecode_9data_4rounds,0.10349999999998495,0.03181980515339359,2
fez,phasecode_9data_5rounds,0.0702499999999862,0.02156675682618814,2
fez,phasecode_9data_7rounds,0.03124999999998965,0.01166726188957641,2
fez,phasecode_9data_9rounds,0.01649999999999215,0.009192388155423208,2
fez,vanilla_11qubits,0.5160075950375259,0.07386315601234361,2
fez,vanilla_12qubits,0.5198280804973107,0.03604610301581407,2
fez,vanilla_13qubits,0.49738752723726587,0.03387740745768373,2
fez,vanilla_16qubits,0.49571584847599803,0.004883159463051311,2
fez,vanilla_4qubits,0.4545199804428852,0.31596483262798164,2
fez,vanilla_5qubits,0.17495993847794894,0.3886535607714667,2
fez,vanilla_7qubits,0.5563417491868898,0.13754052834055375,2
fez,vqe_4qubits_1layers,0.9787497342900623,0.01676730560396986,2
fez,vqe_4qubits_2layers,0.9566779872750123,0.02358104869281703,2
fez,vqe_4qubits_3layers,0.9421659635126385,0.017633940209917535,2
fez,vqe_4qubits_4layers,0.9523427391085957,0.00040657415769498477,2
fez,vqe_4qubits_5layers,0.9348671205651824,0.018323554616450084,2
fez,vqe_7qubits_1layers,0.9476275970322585,0.02845608471610769,2
fez,vqe_7qubits_2layers,0.943544607163596,0.0025076364742846057,2
fez,vqe_7qubits_3layers,0.9218006366521909,0.011786490916838371,2
fez,vqe_7qubits_4layers,0.9237402255773781,0.056703467564091996,2
fez,vqe_7qubits_5layers,0.9490790736290449,0.02878007094811877,2
fez,vqe_9qubits_1layers,0.9716228820409427,0.019580021978244065,2
fez,vqe_9qubits_2layers,0.9356332005884809,0.0051763799732826455,2
fez,vqe_9qubits_3layers,0.8876879931289794,0.015865156849973944,2
fez,vqe_9qubits_4layers,0.9200847527643238,0.025944341779389504,2
fez,vqe_9qubits_5layers,0.9300606514133887,0.0937811151874306,2
kingston,bitcode_3data_2rounds,0.8407499999999999,0.011667261889578123,2
kingston,bitcode_3data_3rounds,0.7905,0.014849242404917433,2
kingston,bitcode_3data_4rounds,0.7469999999999999,0.006363961030678973,2
kingston,bitcode_3data_5rounds,0.6899999999999995,0.014849242404917471,2
kingston,bitcode_3data_7rounds,0.6052499999999993,0.018031222920257016,2
kingston,bitcode_3data_9rounds,0.5217499999999986,0.01237436867076475,2
kingston,bitcode_4data_2rounds,0.7439999999999998,0.016263455967290372,2
kingston,bitcode_4data_3rounds,0.6637499999999996,0.016617009357883804,2
kingston,bitcode_4data_4rounds,0.4904999999999978,0.04101219330882158,2
kingston,bitcode_4data_5rounds,0.4214999999999941,0.04171930009000799,2
kingston,bitcode_4data_7rounds,0.31374999999998876,0.05055813485483908,2
kingston,bitcode_4data_9rounds,0.23074999999998594,0.05267945519839799,2
kingston,bitcode_5data_2rounds,0.6932499999999997,0.011667261889578045,2
kingston,bitcode_5data_3rounds,0.5909999999999992,0.009192388155425047,2
kingston,bitcode_5data_4rounds,0.5067499999999987,0.003889087296525858,2
kingston,bitcode_5data_5rounds,0.44249999999999456,0.009899494936612145,2
kingston,bitcode_5data_7rounds,0.3214999999999877,0.00919238815542542,2
kingston,bitcode_5data_9rounds,0.24599999999998495,0.007071067811865688,2
kingston,bitcode_7data_2rounds,0.5099999999999989,0.0028284271247461927,2
kingston,bitcode_7data_3rounds,0.37474999999999054,0.020859650045004778,2
kingston,bitcode_7data_4rounds,0.28599999999998693,0.00636396103068021,2
kingston,bitcode_7data_5rounds,0.228999999999984,0.017677669529663546,2
kingston,bitcode_7data_7rounds,0.1237499999999841,0.003181980515339035,2
kingston,bitcode_7data_9rounds,0.0664999999999865,0.0035355339059321717,2
kingston,bitcode_9data_2rounds,0.40149999999999253,0.007778174593052658,2
kingston,bitcode_9data_3rounds,0.2752499999999851,0.013788582233137434,2
kingston,bitcode_9data_4rounds,0.1777499999999837,0.00035355339059272455,2
kingston,bitcode_9data_5rounds,0.20524999999998375,0.0038890872965260934,2
kingston,bitcode_9data_7rounds,0.1157499999999844,0.010253048327204658,2
kingston,bitcode_9data_9rounds,0.0674999999999861,0.00707106781186505,2
kingston,fswap_11qubits,0.4904057267177463,0.05497268476925147,2
kingston,fswap_12qubits,0.5013021315344254,0.08476778886369911,2
kingston,fswap_13qubits,0.4982258248542258,0.007226746106062974,2
kingston,fswap_16qubits,0.48543258458697913,0.02258119421271443,2
kingston,fswap_4qubits,0.4266043441795162,0.1181878844487759,2
kingston,fswap_5qubits,0.5446429664003059,0.16322579692499778,2
kingston,fswap_7qubits,0.4747863075032457,0.03341473295441947,2
kingston,ghz_100qubits_ladder,0.05480624749798585,0.015282341770027894,2
kingston,ghz_100qubits_logdepth,0.00012499999999945,0.00017677669529585904,2
kingston,ghz_100qubits_star,1.199857436841159e-27,0.0,2
kingston,ghz_11qubits_ladder,0.8472278048562852,0.00031213491799315517,2
kingston,ghz_11qubits_logdepth,0.8007162156709906,0.0046649827412832585,2
kingston,ghz_11qubits_star,0.7291646826913131,0.023400602491343646,2
kingston,ghz_125qubits_ladder,0.00199999999999705,0.0014142135623720342,2
kingston,ghz_125qubits_logdepth,1.199857436841159e-27,0.0,2
kingston,ghz_125qubits_star,1.199857436841159e-27,0.0,2
kingston,ghz_15qubits_ladder,0.7885585520352569,0.0,1
kingston,ghz_15qubits_logdepth,0.7179124280352004,0.0,1
kingston,ghz_15qubits_star,0.5588381414666932,0.0,1
kingston,ghz_20qubits_ladder,0.6899069641632741,0.0,1
kingston,ghz_20qubits_logdepth,0.6380235042447677,0.0,1
kingston,ghz_20qubits_star,0.5095874113148554,0.0,1
kingston,ghz_25qubits_ladder,0.6032778227383124,0.003097587472373489,2
kingston,ghz_25qubits_logdepth,0.5477354637734224,0.003271985369158374,2
kingston,ghz_25qubits_star,0.25098573801986473,0.0064215616960951105,2
kingston,ghz_30qubits_ladder,0.5207416501577196,0.0,1
kingston,ghz_30qubits_logdepth,0.4384701408192607,0.0,1
kingston,ghz_30qubits_star,0.0763747837363631,0.0,1
kingston,ghz_3qubits_ladder,0.9508599311384257,0.021124288542502884,2
kingston,ghz_3qubits_logdepth,0.9527581563789218,0.02364516327004028,2
kingston,ghz_3qubits_star,0.9524917851640672,0.029643910042719313,2
kingston,ghz_40qubits_ladder,0.3816246144615444,0.0,1
kingston,ghz_40qubits_logdepth,0.3463560719440072,0.0,1
kingston,ghz_40qubits_star,0.0414623151771966,0.0,1
kingston,ghz_4qubits_ladder,0.9363278059684171,0.012230550401692913,2
kingston,ghz_4qubits_logdepth,0.9498888399362362,0.01398954149974361,2
kingston,ghz_4qubits_star,0.9421665758189575,0.0032991178836522424,2
kingston,ghz_50qubits_ladder,0.225120417858792,0.0672719322433962,2
kingston,ghz_50qubits_logdepth,0.20023092512125878,0.03051179186340344,2
kingston,ghz_50qubits_star,0.00124999999999785,0.0014142135623716103,2
kingston,ghz_5qubits_ladder,0.9541201070100046,0.003717659394517212,2
kingston,ghz_5qubits_logdepth,0.9397392714572951,0.030482573192074442,2
kingston,ghz_5qubits_star,0.9174648515719023,0.006909087882315801,2
kingston,ghz_75qubits_ladder,0.10009218288198249,0.02529011267532958,2
kingston,ghz_75qubits_logdepth,0.0583306771034966,0.06849276362003866,2
kingston,ghz_75qubits_star,1.199857436841159e-27,0.0,2
kingston,ghz_7qubits_ladder,0.9080719594329288,0.011605636072788809,2
kingston,ghz_7qubits_logdepth,0.9015318120976599,0.0156888880940777,2
kingston,ghz_7qubits_star,0.8727076860736334,0.009077441186245896,2
kingston,hamsim_11qubits_1ts_1tt,0.9857647912249068,0.0043712055564262805,2
kingston,hamsim_11qubits_3ts_3tt,0.9871354913491945,0.0030212744287063066,2
kingston,hamsim_11qubits_4ts_4tt,0.9919736531837082,0.0014142135623727821,2
kingston,hamsim_11qubits_5ts_5tt,0.9958977632249983,0.0017356257356404762,2
kingston,hamsim_11qubits_7ts_7tt,0.9954843485977098,0.0008999540851464266,2
kingston,hamsim_12qubits_1ts_1tt,0.9805091094067266,0.0011490485194278561,2
kingston,hamsim_12qubits_3ts_3tt,0.9903892792279829,0.0017677669529662134,2
kingston,hamsim_12qubits_4ts_4tt,0.9922937289412836,0.0007954951288347784,2
kingston,hamsim_12qubits_5ts_5tt,0.9955113276841292,0.003771236166327838,2
kingston,hamsim_12qubits_7ts_7tt,0.9949123789007396,0.0028284271247461927,2
kingston,hamsim_13qubits_1ts_1tt,0.9853312247913458,0.0009246780984741914,2
kingston,hamsim_13qubits_3ts_3tt,0.9846617151253751,0.0006255175372034366,2
kingston,hamsim_13qubits_4ts_4tt,0.992179946890001,0.0007614996105086749,2
kingston,hamsim_13qubits_5ts_5tt,0.9967386723159521,8.158924398295455e-05,2
kingston,hamsim_13qubits_7ts_7tt,0.99773609684946,0.000598321122542177,2
kingston,hamsim_16qubits_1ts_1tt,0.9829466094067352,0.0011490485194281309,2
kingston,hamsim_16qubits_3ts_3tt,0.9860715708946193,0.002452776647240812,2
kingston,hamsim_16qubits_4ts_4tt,0.9927208122746156,0.0018561553006145614,2
kingston,hamsim_16qubits_5ts_5tt,0.9955199223164144,0.0035797280797568755,2
kingston,hamsim_16qubits_7ts_7tt,0.9950425872340648,0.0018782523875267858,2
kingston,hamsim_20qubits_1ts_1tt,0.9833716094066653,0.0002121320343560979,2
kingston,hamsim_20qubits_3ts_3tt,0.9841934458943287,1.7677669530093517e-05,2
kingston,hamsim_20qubits_4ts_4tt,0.9918395622746143,0.0009192388155425283,2
kingston,hamsim_20qubits_5ts_5tt,0.9959136723110068,0.0033941125496959965,2
kingston,hamsim_20qubits_7ts_7tt,0.9960207122336691,0.000494974746830254,2
kingston,hamsim_4qubits_1ts_1tt,0.9878216094067259,0.0003535533905933918,2
kingston,hamsim_4qubits_3ts_3tt,0.9958125,0.00531256976358906,2
kingston,hamsim_4qubits_4ts_4tt,0.992939562274619,0.0014142135623730963,2
kingston,hamsim_4qubits_5ts_5tt,0.9964999999999999,0.0006910870166845767,2
kingston,hamsim_4qubits_7ts_7tt,0.9953125,0.003629986070307894,2
kingston,hamsim_7qubits_1ts_1tt,0.9893394665495829,0.0031819805153392314,2
kingston,hamsim_7qubits_3ts_3tt,0.9844666601803558,0.003535533905932976,2
kingston,hamsim_7qubits_4ts_4tt,0.9916002765603323,0.002070812716332006,2
kingston,hamsim_7qubits_5ts_5tt,0.9973684705412562,0.0034345186514772672,2
kingston,hamsim_7qubits_7ts_7tt,0.9993214285714287,0.000625281523617539,2
kingston,mb_11qubits,0.5121249999999999,0.012904698756654523,2
kingston,mb_15qubits,0.50125,0.0017677669529663704,2
kingston,mb_20qubits,0.499875,0.00017677669529661742,2
kingston,mb_3qubits,0.9635,0.002474873734152958,2
kingston,mb_4qubits,0.9315,0.01555634918610406,2
kingston,mb_5qubits,0.9141250000000001,0.001590990257669753,2
kingston,mb_7qubits,0.791,0.002121320343559566,2
kingston,phasecode_3data_2rounds,0.841,0.004242640687119171,2
kingston,phasecode_3data_3rounds,0.7912499999999998,0.022980970388562894,2
kingston,phasecode_3data_4rounds,0.7254999999999998,0.02757716446627534,2
kingston,phasecode_3data_5rounds,0.6782499999999996,0.008131727983645226,2
kingston,phasecode_3data_7rounds,0.42374999999999513,0.01803122292025788,2
kingston,phasecode_3data_9rounds,0.34024999999999156,0.049143921292465684,2
kingston,phasecode_4data_2rounds,0.7384999999999998,0.029698484809835023,2
kingston,phasecode_4data_3rounds,0.5702499999999995,0.058336309447890186,2
kingston,phasecode_4data_4rounds,0.4892499999999974,0.04772970773009424,2
kingston,phasecode_4data_5rounds,0.4174999999999938,0.06576093065035188,2
kingston,phasecode_4data_7rounds,0.29949999999998933,0.06081118318204367,2
kingston,phasecode_4data_9rounds,0.21224999999998584,0.05126524163602448,2
kingston,phasecode_5data_2rounds,0.6892499999999997,0.0038890872965259365,2
kingston,phasecode_5data_3rounds,0.5772499999999992,0.007424621202458835,2
kingston,phasecode_5data_4rounds,0.49974999999999825,0.01308147545195171,2
kingston,phasecode_5data_5rounds,0.4369999999999936,0.017677669529664587,2
kingston,phasecode_5data_7rounds,0.3292499999999881,0.0060104076400864835,2
kingston,phasecode_5data_9rounds,0.23524999999998386,0.016617009357884384,2
kingston,phasecode_7data_2rounds,0.5119999999999988,0.019091883092036622,2
kingston,phasecode_7data_3rounds,0.3807499999999911,0.01096015510839287,2
kingston,phasecode_7data_4rounds,0.2834999999999859,0.0070710678118651475,2
kingston,phasecode_7data_5rounds,0.22474999999998418,0.009545941546018823,2
kingston,phasecode_7data_7rounds,0.13099999999998335,0.002828427124746271,2
kingston,phasecode_7data_9rounds,0.07124999999998616,0.002474873734152423,2
kingston,phasecode_9data_2rounds,0.3827499999999914,0.003181980515339604,2
kingston,phasecode_9data_3rounds,0.25924999999998516,0.003889087296526368,2
kingston,phasecode_9data_4rounds,0.1827499999999837,0.013788582233137404,2
kingston,phasecode_9data_5rounds,0.1219999999999839,0.00777817459305175,2
kingston,phasecode_9data_7rounds,0.059999999999986856,0.0007071067811863347,2
kingston,phasecode_9data_9rounds,0.0269999999999903,0.004949747468305126,2
kingston,vanilla_11qubits,0.5078168949292693,0.03324563585574781,2
kingston,vanilla_12qubits,0.5152132285680244,0.030853387829405002,2
kingston,vanilla_13qubits,0.5251780843727513,0.0036466070849581443,2
kingston,vanilla_16qubits,0.5118989626919292,0.013527962871838061,2
kingston,vanilla_4qubits,0.2600027017254469,0.101194550895449,2
kingston,vanilla_5qubits,0.44955515172769467,0.02361007895849123,2
kingston,vanilla_7qubits,0.5844863907355786,0.039520476852931315,2
kingston,vqe_4qubits_1layers,0.9688046952118559,0.0077107996626029135,2
kingston,vqe_4qubits_2layers,0.9679802368556081,0.004582098736997004,2
kingston,vqe_4qubits_3layers,0.9489082545144079,0.014999972816113255,2
kingston,vqe_4qubits_4layers,0.9551869643196906,0.0012687842987128082,2
kingston,vqe_4qubits_5layers,0.9456487204809578,0.011190671178842574,2
kingston,vqe_7qubits_1layers,0.9682301786907479,0.013231435635480628,2
kingston,vqe_7qubits_2layers,0.9625384429511474,0.003715465306220436,2
kingston,vqe_7qubits_3layers,0.9530277802553486,0.0002898172894384349,2
kingston,vqe_7qubits_4layers,0.9169721777584625,0.03580900414453693,2
kingston,vqe_7qubits_5layers,0.94167748576489,0.018580515462555368,2
kingston,vqe_9qubits_1layers,0.9696642684812966,0.0001593731167685298,2
kingston,vqe_9qubits_2layers,0.9687913027952499,0.023712150794777308,2
kingston,vqe_9qubits_3layers,0.932935489651923,0.09319114756960879,2
kingston,vqe_9qubits_4layers,0.880660627470097,0.02005654435970147,2
kingston,vqe_9qubits_5layers,0.8981443933848432,0.09773560856420924,2
marrakesh,bitcode_3data_2rounds,0.5997499999999996,0.24642671324351215,2
marrakesh,bitcode_3data_3rounds,0.6084999999999998,0.11737972567696672,2
marrakesh,bitcode_3data_4rounds,0.40299999999999847,0.30122748878547106,2
marrakesh,bitcode_3data_5rounds,0.4772499999999972,0.11136931803688442,2
marrakesh,bitcode_3data_7rounds,0.3742499999999933,0.1113693180368849,2
marrakesh,bitcode_3data_9rounds,0.30974999999999075,0.12480434687942896,2
marrakesh,bitcode_4data_2rounds,0.42824999999999824,0.2216779759019844,2
marrakesh,bitcode_4data_3rounds,0.43774999999999653,0.05762920266670519,2
marrakesh,bitcode_4data_4rounds,0.3357499999999921,0.06894291116569082,2
marrakesh,bitcode_4data_5rounds,0.26424999999998927,0.07954951288348909,2
marrakesh,bitcode_4data_7rounds,0.21624999999998734,0.15026019100214325,2
marrakesh,bitcode_4data_9rounds,0.14699999999998564,0.11101576464628704,2
marrakesh,bitcode_5data_2rounds,0.46824999999999745,0.2690541302414841,2
marrakesh,bitcode_5data_3rounds,0.316999999999995,0.2892066735053035,2
marrakesh,bitcode_5data_4rounds,0.24449999999999145,0.24960869375885503,2
marrakesh,bitcode_5data_5rounds,0.20124999999999044,0.23016325727622186,2
marrakesh,bitcode_5data_7rounds,0.1257499999999895,0.16369521984467983,2
marrakesh,bitcode_5data_9rounds,0.0859999999999892,0.11172287142746688,2
marrakesh,bitcode_7data_2rounds,0.2747499999999904,0.1113693180368842,2
marrakesh,bitcode_7data_3rounds,0.1724999999999868,0.09758073580374484,2
marrakesh,bitcode_7data_4rounds,0.1044999999999868,0.08980256121068886,2
marrakesh,bitcode_7data_5rounds,0.06624999999998854,0.06470027047856507,2
marrakesh,bitcode_7data_7rounds,0.0319999999999915,0.03959797974644058,2
marrakesh,bitcode_7data_9rounds,0.0132499999999942,0.017324116139065322,2
marrakesh,bitcode_9data_2rounds,0.19749999999998846,0.13788582233137966,2
marrakesh,bitcode_9data_3rounds,0.10349999999998741,0.0989949493661134,2
marrakesh,bitcode_9data_4rounds,0.0534999999999896,0.06434671708796932,2
marrakesh,bitcode_9data_5rounds,0.032749999999991945,0.04419417382415165,2
marrakesh,bitcode_9data_7rounds,0.0107499999999948,0.014495689014319134,2
marrakesh,bitcode_9data_9rounds,0.0054999999999966,0.0077781745930472134,2
marrakesh,fswap_11qubits,0.5792355079121736,0.04632101117729882,2
marrakesh,fswap_12qubits,0.48411967037494585,0.007008812267275472,2
marrakesh,fswap_13qubits,0.49777707401036636,0.011987212716452578,2
marrakesh,fswap_16qubits,0.4775542855436556,0.006356861530332351,2
marrakesh,fswap_4qubits,0.49775935401510313,0.1027716814313437,2
marrakesh,fswap_5qubits,0.5493750022547521,0.06841258399185862,2
marrakesh,fswap_7qubits,0.5193120848136901,0.00019120840088110026,2
marrakesh,ghz_100qubits_ladder,0.04062499999998925,0.019975766568518055,2
marrakesh,ghz_100qubits_logdepth,0.0052463203435555,0.006358757210632929,2
marrakesh,ghz_100qubits_star,1.199857436841159e-27,0.0,2
marrakesh,ghz_11qubits_ladder,0.8690746411305637,0.024337490232466393,2
marrakesh,ghz_11qubits_logdepth,0.7965960282029413,0.03030345281911889,2
marrakesh,ghz_11qubits_star,0.7288611773098093,0.02949626317490833,2
marrakesh,ghz_125qubits_ladder,0.00287499999999635,0.00017677669529656635,2
marrakesh,ghz_125qubits_logdepth,0.00012499999999945,0.00017677669529585904,2
marrakesh,ghz_125qubits_star,1.199857436841159e-27,0.0,2
marrakesh,ghz_15qubits_ladder,0.7108618068478214,0.06389084155761104,2
marrakesh,ghz_15qubits_logdepth,0.6913225578729858,0.0811435020990555,2
marrakesh,ghz_15qubits_star,0.5140578973164249,0.002403209723146906,2
marrakesh,ghz_20qubits_ladder,0.6619797924856465,0.009020040035340958,2
marrakesh,ghz_20qubits_logdepth,0.5487325599355725,0.10830457551882292,2
marrakesh,ghz_20qubits_star,0.32467315969345534,0.1475007790357117,2
marrakesh,ghz_25qubits_ladder,0.5343476362170545,0.11740478374074596,2
marrakesh,ghz_25qubits_logdepth,0.5085556022542749,0.06655611711420445,2
marrakesh,ghz_25qubits_star,0.3017612990930814,0.16550052604341126,2
marrakesh,ghz_30qubits_ladder,0.4457460578907749,0.0620183469366758,2
marrakesh,ghz_30qubits_logdepth,0.33294721231436325,0.1209131079153222,2
marrakesh,ghz_30qubits_star,0.035895469109759055,0.05041030585217402,2
marrakesh,ghz_3qubits_ladder,0.9789677623399395,0.002043490148448797,2
marrakesh,ghz_3qubits_logdepth,0.9760031482681193,0.005493284632139782,2
marrakesh,ghz_3qubits_star,0.9714558737645861,0.011615505039077014,2
marrakesh,ghz_40qubits_ladder,0.26343007427510784,0.08942084824251138,2
marrakesh,ghz_40qubits_logdepth,0.196674595821859,0.07776792794694751,2
marrakesh,ghz_40qubits_star,0.0006249999999988,0.0008838834764814874,2
marrakesh,ghz_4qubits_ladder,0.9615482338803134,0.019043997289362735,2
marrakesh,ghz_4qubits_logdepth,0.9626233811550552,0.015029671807755246,2
marrakesh,ghz_4qubits_star,0.9422794248762605,0.04185516864965367,2
marrakesh,ghz_50qubits_ladder,0.2706045781619196,0.0567065074666198,2
marrakesh,ghz_50qubits_logdepth,0.16845162543059236,0.03840916120458349,2
marrakesh,ghz_50qubits_star,0.00012499999999945,0.00017677669529585904,2
marrakesh,ghz_5qubits_ladder,0.945456282721721,0.018675745435764744,2
marrakesh,ghz_5qubits_logdepth,0.9496921629679507,0.0010090437788693016,2
marrakesh,ghz_5qubits_star,0.9198936656922347,0.02560009525580607,2
marrakesh,ghz_75qubits_ladder,0.08371886357852955,0.02856364105653609,2
marrakesh,ghz_75qubits_logdepth,0.04122463256635405,0.042873730615753725,2
marrakesh,ghz_75qubits_star,1.199857436841159e-27,0.0,2
marrakesh,ghz_7qubits_ladder,0.9211164182533312,0.021663875678920183,2
marrakesh,ghz_7qubits_logdepth,0.9158186491480056,0.03073525740437155,2
marrakesh,ghz_7qubits_star,0.8438261536730356,0.06939937837183004,2
marrakesh,hamsim_11qubits_1ts_1tt,0.9798329730430881,0.0015749196490067667,2
marrakesh,hamsim_11qubits_3ts_3tt,0.9820218549855582,0.0017034845183130907,2
marrakesh,hamsim_11qubits_4ts_4tt,0.9894963804564356,0.00022498852128651834,2
marrakesh,hamsim_11qubits_5ts_5tt,0.9967954545454545,0.002233763760013156,2
marrakesh,hamsim_11qubits_7ts_7tt,0.9907570758704372,0.004499770425732997,2
marrakesh,hamsim_12qubits_1ts_1tt,0.9762799427400598,0.002121320343559409,2
marrakesh,hamsim_12qubits_3ts_3tt,0.9859101125613162,0.00444888016496546,2
marrakesh,hamsim_12qubits_4ts_4tt,0.9894812289412835,0.00041247895569206805,2
marrakesh,hamsim_12qubits_5ts_5tt,0.995322005649204,5.892556509914724e-05,2
marrakesh,hamsim_12qubits_7ts_7tt,0.9809748789007393,0.006275572683030742,2
marrakesh,hamsim_13qubits_1ts_1tt,0.9696004555605766,0.0024476773194915414,2
marrakesh,hamsim_13qubits_3ts_3tt,0.9903155612792212,0.0024748737341530754,2
marrakesh,hamsim_13qubits_4ts_4tt,0.9892376391976934,0.0012238386597459667,2
marrakesh,hamsim_13qubits_5ts_5tt,0.9989309800082598,0.000625517537203044,2
marrakesh,hamsim_13qubits_7ts_7tt,0.9784476353109997,0.001387017147711405,2
marrakesh,hamsim_16qubits_1ts_1tt,0.9758684844067352,0.005590562988756143,2
marrakesh,hamsim_16qubits_3ts_3tt,0.9811809458946192,0.009590135719842534,2
marrakesh,hamsim_16qubits_4ts_4tt,0.9890176872746156,0.0012153397801643723,2
marrakesh,hamsim_16qubits_5ts_5tt,0.9915511723164143,0.0054358833803715935,2
marrakesh,hamsim_16qubits_7ts_7tt,0.9841207122340648,0.009899494936611674,2
marrakesh,hamsim_20qubits_1ts_1tt,0.9734341094066659,0.006735192090801673,2
marrakesh,hamsim_20qubits_3ts_3tt,0.9818434458943286,0.0021743533521478052,2
marrakesh,hamsim_20qubits_4ts_4tt,0.9888895622746141,0.0008485281374241954,2
marrakesh,hamsim_20qubits_5ts_5tt,0.9908511723110067,0.0005480077554191999,2
marrakesh,hamsim_20qubits_7ts_7tt,0.9731207122336686,0.001909188309203939,2
marrakesh,hamsim_4qubits_1ts_1tt,0.9873216094067259,0.0058336309447889634,2
marrakesh,hamsim_4qubits_3ts_3tt,0.9891809458946397,0.0007071067811865089,2
marrakesh,hamsim_4qubits_4ts_4tt,0.989627062274619,0.0032703688629876575,2
marrakesh,hamsim_4qubits_5ts_5tt,0.9937386723158876,0.0007071067811865874,2
marrakesh,hamsim_4qubits_7ts_7tt,0.9933082122340726,0.007513009550107182,2
marrakesh,hamsim_7qubits_1ts_1tt,0.9815894665495831,0.004040610178208891,2
marrakesh,hamsim_7qubits_3ts_3tt,0.9948595173232124,0.004899239841078041,2
marrakesh,hamsim_7qubits_4ts_4tt,0.9874217051317609,0.0006060915267314672,2
marrakesh,hamsim_7qubits_5ts_5tt,0.9967386723158866,0.00025253813613807533,2
marrakesh,hamsim_7qubits_7ts_7tt,0.9886564265197866,0.0005555838995041033,2
marrakesh,mb_11qubits,0.5483750000000001,0.025986174208605665,2
marrakesh,mb_15qubits,0.501625,0.0005303300858899308,2
marrakesh,mb_20qubits,0.499875,0.00017677669529661742,2
marrakesh,mb_3qubits,0.9624999999999999,0.0035355339059327017,2
marrakesh,mb_4qubits,0.8780000000000001,0.0707106781186547,2
marrakesh,mb_5qubits,0.87225,0.03181980515339459,2
marrakesh,mb_7qubits,0.7121250000000001,0.0928077650307343,2
marrakesh,phasecode_3data_2rounds,0.5632499999999994,0.18207999615553655,2
marrakesh,phasecode_3data_3rounds,0.5737499999999998,0.04490128060534549,2
marrakesh,phasecode_3data_4rounds,0.49374999999999825,0.05762920266670534,2
marrakesh,phasecode_3data_5rounds,0.5502499999999986,0.10429825022501711,2
marrakesh,phasecode_3data_7rounds,0.45399999999999613,0.12586500705120957,2
marrakesh,phasecode_3data_9rounds,0.3504999999999929,0.15980613254816423,2
marrakesh,phasecode_4data_2rounds,0.4352499999999984,0.2626901692108041,2
marrakesh,phasecode_4data_3rounds,0.46599999999999714,0.08131727983645602,2
marrakesh,phasecode_4data_4rounds,0.37749999999999373,0.0749533188057768,2
marrakesh,phasecode_4data_5rounds,0.30774999999999153,0.09015611460128671,2
marrakesh,phasecode_4data_7rounds,0.20949999999998664,0.08909545442950648,2
marrakesh,phasecode_4data_9rounds,0.1479999999999853,0.07990306627407903,2
marrakesh,phasecode_5data_2rounds,0.4729999999999973,0.16051323932934927,2
marrakesh,phasecode_5data_3rounds,0.377499999999994,0.13576450198782125,2
marrakesh,phasecode_5data_4rounds,0.2562499999999893,0.17783735546842028,2
marrakesh,phasecode_5data_5rounds,0.1917499999999881,0.15803836559519494,2
marrakesh,phasecode_5data_7rounds,0.1247499999999873,0.13328962825366053,2
marrakesh,phasecode_5data_9rounds,0.0707499999999887,0.08449926035178593,2
marrakesh,phasecode_7data_2rounds,0.33999999999999225,0.16334166645409792,2
marrakesh,phasecode_7data_3rounds,0.24924999999998915,0.19975766568520398,2
marrakesh,phasecode_7data_4rounds,0.15849999999998765,0.16404877323527783,2
marrakesh,phasecode_7data_5rounds,0.11299999999998714,0.11667261889577658,2
marrakesh,phasecode_7data_7rounds,0.0609999999999895,0.07707463914932633,2
marrakesh,phasecode_7data_9rounds,0.040999999999991744,0.05656854249491524,2
marrakesh,phasecode_9data_2rounds,0.2437499999999886,0.1799586758119796,2
marrakesh,phasecode_9data_3rounds,0.13874999999998716,0.14036069606552692,2
marrakesh,phasecode_9data_4rounds,0.0834999999999882,0.09828784258492387,2
marrakesh,phasecode_9data_5rounds,0.059249999999989846,0.07742819253991896,2
marrakesh,phasecode_9data_7rounds,0.02524999999999395,0.03570889244991209,2
marrakesh,phasecode_9data_9rounds,0.00899999999999585,0.012727922061351987,2
marrakesh,vanilla_11qubits,0.45601424518234557,0.08090069547113238,2
marrakesh,vanilla_12qubits,0.468415740114427,0.015266771367019972,2
marrakesh,vanilla_13qubits,0.5211222620939635,0.025677232815512218,2
marrakesh,vanilla_16qubits,0.5016964286700469,0.008171003125596075,2
marrakesh,vanilla_4qubits,0.5994446428608662,0.13206274816063704,2
marrakesh,vanilla_5qubits,0.25959005891662695,0.14591603427399313,2
marrakesh,vanilla_7qubits,0.41390187829977315,0.002783206036436309,2
marrakesh,vqe_4qubits_1layers,0.9794976384711853,0.010011927938765984,2
marrakesh,vqe_4qubits_2layers,0.9695007563027203,0.005729692138925661,2
marrakesh,vqe_4qubits_3layers,0.9577480635029971,0.012726985608946006,2
marrakesh,vqe_4qubits_4layers,0.9304713852067168,0.020588748178667,2
marrakesh,vqe_4qubits_5layers,0.9417020064613801,0.0029532137629403317,2
marrakesh,vqe_7qubits_1layers,0.9732747474465984,0.002971528347525024,2
marrakesh,vqe_7qubits_2layers,0.9582394772682901,0.004680315260055873,2
marrakesh,vqe_7qubits_3layers,0.9717299028296493,0.038754289486067,2
marrakesh,vqe_7qubits_4layers,0.913982555626488,0.06409664214598175,2
marrakesh,vqe_7qubits_5layers,0.9226952858780463,0.014436205213334599,2
marrakesh,vqe_9qubits_1layers,0.982809095173133,0.009394175907057165,2
marrakesh,vqe_9qubits_2layers,0.9567224031657044,8.330441358907079e-05,2
marrakesh,vqe_9qubits_3layers,0.9107922171155525,0.001789246663511959,2
marrakesh,vqe_9qubits_4layers,0.897650643749368,0.035498488391871356,2
marrakesh,vqe_9qubits_5layers,0.9355978503794369,0.08089823227236363,2
torino,bitcode_3data_2rounds,0.5834999999999998,0.0,1
torino,bitcode_3data_3rounds,0.4849999999999987,0.0,1
torino,bitcode_3data_4rounds,0.4254999999999951,0.0,1
torino,bitcode_3data_5rounds,0.3499999999999912,0.0,1
torino,bitcode_3data_7rounds,0.2329999999999867,0.0,1
torino,bitcode_3data_9rounds,0.1749999999999845,0.0,1
torino,bitcode_4data_2rounds,0.446499999999997,0.0,1
torino,bitcode_4data_3rounds,0.1434999999999937,0.0,1
torino,bitcode_4data_4rounds,0.2234999999999892,0.0,1
torino,bitcode_4data_5rounds,0.1549999999999859,0.0,1
torino,bitcode_4data_7rounds,0.0824999999999861,0.0,1
torino,bitcode_4data_9rounds,0.0449999999999883,0.0,1
torino,bitcode_5data_2rounds,0.3204999999999927,0.0,1
torino,bitcode_5data_3rounds,0.2109999999999882,0.0,1
torino,bitcode_5data_4rounds,0.109999999999986,0.0,1
torino,bitcode_5data_5rounds,0.0674999999999869,0.0,1
torino,bitcode_5data_7rounds,0.0324999999999898,0.0,1
torino,bitcode_5data_9rounds,0.0104999999999934,0.0,1
torino,bitcode_7data_2rounds,0.0449999999999908,0.0,1
torino,bitcode_7data_3rounds,0.0169999999999923,0.0,1
torino,bitcode_7data_4rounds,0.0029999999999964,0.0,1
torino,bitcode_7data_5rounds,0.0109999999999933,0.0,1
torino,bitcode_7data_7rounds,0.0009999999999978,0.0,1
torino,bitcode_7data_9rounds,1.199857436841159e-27,0.0,1
torino,bitcode_9data_2rounds,0.0179999999999923,0.0,1
torino,bitcode_9data_3rounds,0.0029999999999964,0.0,1
torino,bitcode_9data_4rounds,1.199857436841159e-27,0.0,1
torino,bitcode_9data_5rounds,0.0009999999999978,0.0,1
torino,bitcode_9data_7rounds,1.199857436841159e-27,0.0,1
torino,bitcode_9data_9rounds,1.199857436841159e-27,0.0,1
torino,fswap_11qubits,0.4641376803325611,0.0,1
torino,fswap_12qubits,0.5241900471279188,0.0,1
torino,fswap_13qubits,0.4924428120370577,0.0,1
torino,fswap_16qubits,0.5055971410943093,0.0,1
torino,fswap_4qubits,0.5926647298387773,0.0,1
torino,fswap_5qubits,0.4023338306162064,0.0,1
torino,fswap_7qubits,0.6014812282690667,0.0,1
torino,ghz_100qubits_ladder,0.0002499999999989,0.0,1
torino,ghz_100qubits_logdepth,1.199857436841159e-27,0.0,1
torino,ghz_100qubits_star,1.199857436841159e-27,0.0,1
torino,ghz_11qubits_ladder,0.7306994645795073,0.0,1
torino,ghz_11qubits_logdepth,0.7398534454532402,0.0,1
torino,ghz_11qubits_star,0.6471226456224567,0.0,1
torino,ghz_125qubits_ladder,1.199857436841159e-27,0.0,1
torino,ghz_125qubits_logdepth,1.199857436841159e-27,0.0,1
torino,ghz_125qubits_star,1.199857436841159e-27,0.0,1
torino,ghz_15qubits_ladder,0.5703475766110597,0.0,1
torino,ghz_15qubits_logdepth,0.5476190216737007,0.0,1
torino,ghz_15qubits_star,0.4031545907657737,0.0,1
torino,ghz_20qubits_ladder,0.4445325237857677,0.0,1
torino,ghz_20qubits_logdepth,0.4358749638519283,0.0,1
torino,ghz_20qubits_star,0.2654166394157257,0.0,1
torino,ghz_25qubits_ladder,0.3722336490369703,0.0,1
torino,ghz_25qubits_logdepth,0.3465655851270763,0.0,1
torino,ghz_25qubits_star,0.1160699510684657,0.0,1
torino,ghz_30qubits_ladder,0.249123771669309,0.0,1
torino,ghz_30qubits_logdepth,0.265094965643896,0.0,1
torino,ghz_30qubits_star,0.0530831795812597,0.0,1
torino,ghz_3qubits_ladder,0.9572878772887262,0.0,1
torino,ghz_3qubits_logdepth,0.9619157930448948,0.0,1
torino,ghz_3qubits_star,0.9602249993489244,0.0,1
torino,ghz_40qubits_ladder,0.1318444252085698,0.0,1
torino,ghz_40qubits_logdepth,0.1475969537903269,0.0,1
torino,ghz_40qubits_star,1.199857436841159e-27,0.0,1
torino,ghz_4qubits_ladder,0.914835402965845,0.0,1
torino,ghz_4qubits_logdepth,0.9088698821051084,0.0,1
torino,ghz_4qubits_star,0.958722257681842,0.0,1
torino,ghz_50qubits_ladder,0.0882101218802115,0.0,1
torino,ghz_50qubits_logdepth,0.0289999999999898,0.0,1
torino,ghz_50qubits_star,1.199857436841159e-27,0.0,1
torino,ghz_5qubits_ladder,0.8910167739681459,0.0,1
torino,ghz_5qubits_logdepth,0.8775906209787088,0.0,1
torino,ghz_5qubits_star,0.8799868531292322,0.0,1
torino,ghz_75qubits_ladder,0.01571410161513,0.0,1
torino,ghz_75qubits_logdepth,0.0002499999999989,0.0,1
torino,ghz_75qubits_star,1.199857436841159e-27,0.0,1
torino,ghz_7qubits_ladder,0.8383919021734849,0.0,1
torino,ghz_7qubits_logdepth,0.8548884751462839,0.0,1
torino,ghz_7qubits_star,0.8108887023586128,0.0,1
torino,hamsim_11qubits_1ts_1tt,0.9714011548612698,0.0,1
torino,hamsim_11qubits_3ts_3tt,0.9734536731673764,0.0,1
torino,hamsim_11qubits_4ts_4tt,0.9409281986382536,0.0,1
torino,hamsim_11qubits_5ts_5tt,0.9919886723159076,0.0,1
torino,hamsim_11qubits_7ts_7tt,0.9876207122340732,0.0,1
torino,hamsim_12qubits_1ts_1tt,0.9589882760733928,0.0,1
torino,hamsim_12qubits_3ts_3tt,0.9514309458946496,0.0,1
torino,hamsim_12qubits_4ts_4tt,0.8740645622746168,0.0,1
torino,hamsim_12qubits_5ts_5tt,0.9765720056492042,0.0,1
torino,hamsim_12qubits_7ts_7tt,0.9783290455674056,0.0,1
torino,hamsim_13qubits_1ts_1tt,0.9607543017144232,0.0,1
torino,hamsim_13qubits_3ts_3tt,0.9601040228176844,0.0,1
torino,hamsim_13qubits_4ts_4tt,0.8818722545823087,0.0,1
torino,hamsim_13qubits_5ts_5tt,0.9809502107774916,0.0,1
torino,hamsim_13qubits_7ts_7tt,0.9817745583879224,0.0,1
torino,hamsim_16qubits_1ts_1tt,0.9576341094067352,0.0,1
torino,hamsim_16qubits_3ts_3tt,0.9490559458946192,0.0,1
torino,hamsim_16qubits_4ts_4tt,0.9052520622746156,0.0,1
torino,hamsim_16qubits_5ts_5tt,0.9782386723164144,0.0,1
torino,hamsim_16qubits_7ts_7tt,0.9834957122340648,0.0,1
torino,hamsim_20qubits_1ts_1tt,0.961521609406666,0.0,1
torino,hamsim_20qubits_3ts_3tt,0.9509809458943292,0.0,1
torino,hamsim_20qubits_4ts_4tt,0.9227645622746146,0.0,1
torino,hamsim_20qubits_5ts_5tt,0.9804136723110066,0.0,1
torino,hamsim_20qubits_7ts_7tt,0.980470712233668,0.0,1
torino,hamsim_4qubits_1ts_1tt,0.975696609406726,0.0,1
torino,hamsim_4qubits_3ts_3tt,0.9685559458946396,0.0,1
torino,hamsim_4qubits_4ts_4tt,0.852814562274619,0.0,1
torino,hamsim_4qubits_5ts_5tt,0.9966136723158876,0.0,1
torino,hamsim_4qubits_7ts_7tt,0.9771207122340726,0.0,1
torino,hamsim_7qubits_1ts_1tt,0.986089466549583,0.0,1
torino,hamsim_7qubits_3ts_3tt,0.9632523744660704,0.0,1
torino,hamsim_7qubits_4ts_4tt,0.9111359908460468,0.0,1
torino,hamsim_7qubits_5ts_5tt,0.9878458151730296,0.0,1
torino,hamsim_7qubits_7ts_7tt,0.9868349979483578,0.0,1
torino,mb_11qubits,0.53,0.0,1
torino,mb_15qubits,0.5,0.0,1
torino,mb_20qubits,0.5,0.0,1
torino,mb_3qubits,0.95625,0.0,1
torino,mb_4qubits,0.93,0.0,1
torino,mb_5qubits,0.8574999999999999,0.0,1
torino,mb_7qubits,0.66675,0.0,1
torino,phasecode_3data_2rounds,0.6639999999999999,0.0,1
torino,phasecode_3data_3rounds,0.5904999999999994,0.0,1
torino,phasecode_3data_4rounds,0.501499999999999,0.0,1
torino,phasecode_3data_5rounds,0.441499999999995,0.0,1
torino,phasecode_3data_7rounds,0.3654999999999901,0.0,1
torino,phasecode_3data_9rounds,0.2744999999999861,0.0,1
torino,phasecode_4data_2rounds,0.2999999999999963,0.0,1
torino,phasecode_4data_3rounds,0.2249999999999923,0.0,1
torino,phasecode_4data_4rounds,0.2824999999999883,0.0,1
torino,phasecode_4data_5rounds,0.1824999999999857,0.0,1
torino,phasecode_4data_7rounds,0.1074999999999851,0.0,1
torino,phasecode_4data_9rounds,0.0589999999999871,0.0,1
torino,phasecode_5data_2rounds,0.3639999999999923,0.0,1
torino,phasecode_5data_3rounds,0.2199999999999873,0.0,1
torino,phasecode_5data_4rounds,0.1364999999999849,0.0,1
torino,phasecode_5data_5rounds,0.0964999999999857,0.0,1
torino,phasecode_5data_7rounds,0.02799999999999,0.0,1
torino,phasecode_5data_9rounds,0.0134999999999928,0.0,1
torino,phasecode_7data_2rounds,0.0739999999999891,0.0,1
torino,phasecode_7data_3rounds,0.0194999999999917,0.0,1
torino,phasecode_7data_4rounds,0.012999999999993,0.0,1
torino,phasecode_7data_5rounds,0.0044999999999954,0.0,1
torino,phasecode_7data_7rounds,0.0014999999999973,0.0,1
torino,phasecode_7data_9rounds,0.0004999999999984,0.0,1
torino,phasecode_9data_2rounds,0.0249999999999905,0.0,1
torino,phasecode_9data_3rounds,0.0039999999999958,0.0,1
torino,phasecode_9data_4rounds,0.001999999999997,0.0,1
torino,phasecode_9data_5rounds,1.199857436841159e-27,0.0,1
torino,phasecode_9data_7rounds,1.199857436841159e-27,0.0,1
torino,phasecode_9data_9rounds,1.199857436841159e-27,0.0,1
torino,vanilla_11qubits,0.4843261617420822,0.0,1
torino,vanilla_12qubits,0.5039830483938441,0.0,1
torino,vanilla_13qubits,0.4775822087068258,0.0,1
torino,vanilla_16qubits,0.5417749803200911,0.0,1
torino,vanilla_4qubits,0.2100979780836106,0.0,1
torino,vanilla_5qubits,0.4536999989304718,0.0,1
torino,vanilla_7qubits,0.4423670574688346,0.0,1
torino,vqe_4qubits_1layers,0.9890175399410972,0.0,1
torino,vqe_4qubits_2layers,0.9668940352801692,0.0,1
torino,vqe_4qubits_3layers,0.9380030388194268,0.0,1
torino,vqe_4qubits_4layers,0.9228359565306992,0.0,1
torino,vqe_4qubits_5layers,0.9114103213486292,0.0,1
torino,vqe_7qubits_1layers,0.94547540384755,0.0,1
torino,vqe_7qubits_2layers,0.9173723048730754,0.0,1
torino,vqe_7qubits_3layers,0.8950096837325878,0.0,1
torino,vqe_7qubits_4layers,0.8987151377470728,0.0,1
torino,vqe_7qubits_5layers,0.945832245592064,0.0,1
torino,vqe_9qubits_1layers,0.9770867498253376,0.0,1
torino,vqe_9qubits_2layers,0.9611611789438405,0.0,1
torino,vqe_9qubits_3layers,0.8934518484258073,0.0,1
torino,vqe_9qubits_4layers,0.9725515528392384,0.0,1
torino,vqe_9qubits_5layers,0.8463922501097596,0.0,1
